{"visible_joints": [1, 1, 1, 1, 1, 1, 1, 1, 1, 1, 1, 1, 1, 1, 1], "real_world_coordinates": [[0.034393310546875, 0.5205078125, 2.9140625], [0.01224517822265625, 0.262939453125, 2.974609375], [-0.16064453125, 0.271484375, 2.986328125], [0.1851806640625, 0.254638671875, 2.9609375], [-0.31689453125, 0.07080078125, 2.98046875], [0.378662109375, 0.034912109375, 2.994140625], [-0.42431640625, -0.036041259765625, 2.802734375], [0.41552734375, -0.0836181640625, 2.642578125], [0.0016345977783203125, 0.023590087890625, 2.986328125], [-0.11883544921875, -0.2105712890625, 3.0078125], [0.10089111328125, -0.22119140625, 2.9921875], [-0.147216796875, -0.72509765625, 2.9921875], [0.11370849609375, -0.74658203125, 3.021484375], [-0.150390625, -1.171875, 3.12109375], [0.069091796875, -1.1943359375, 3.130859375]]}