{"visible_joints": [1, 1, 1, 1, 1, 1, 1, 1, 1, 1, 1, 1, 1, 1, 1], 
"real_world_coordinates": 
[[0.034393310546875, -2.9340625, 0.5205078125], 
[0.01224517822265625, -2.934609375, 0.262939453125], 
[-0.16064453125, -2.946328125, 0.271484375], 
[0.1851806640625, -2.9309375, 0.254638671875], 
[-0.31689453125, -2.93046875, 0.07080078125], 
[0.378662109375, -2.944140625, 0.034912109375], 
[-0.42431640625, -2.942734375, -0.236041259765625], 
[0.41552734375, -2.932578125, -0.2336181640625],
 [0.0016345977783203125, -2.946328125, 0.023590087890625],
 [-0.11883544921875, -2.9578125, -0.2105712890625], 
[0.10089111328125, -2.9421875, -0.22119140625], 
[-0.487216796875, -2.90121875, -0.55509765625], 
[0.11370849609375, -2.831484375, -0.74658203125], 
[-0.790390625, -2.930859375, -0.851875], 
[0.069091796875, -2.930859375, -1.1943359375]]}